{"cameraMode":{"drawMode":0,"name":"Shaded","section":"Shading Mode"},"sceneLighting":true,"audioPlay":false,"sceneViewState":{"showFog":false,"showMaterialUpdate":false,"showSkybox":false,"showFlares":false,"showImageEffects":false,"showParticleSystems":false},"in2DMode":false,"pivot":{"x":12.947884559631348,"y":-520.5286254882813,"z":1892.808349609375},"rotation":{"x":-0.13429303467273713,"y":-0.003264045575633645,"z":0.0004481673240661621,"w":-0.9909599423408508},"size":1971.25244140625,"orthographic":false}