{"cameraMode":{"drawMode":0,"name":"Shaded","section":"Shading Mode"},"sceneLighting":false,"audioPlay":false,"sceneViewState":{"showFog":false,"showMaterialUpdate":false,"showSkybox":false,"showFlares":false,"showImageEffects":false,"showParticleSystems":false},"in2DMode":false,"pivot":{"x":-1.2444571256637574,"y":1.628907561302185,"z":6.101955413818359},"rotation":{"x":0.2941656708717346,"y":0.34514862298965456,"z":-0.11488789319992066,"w":0.8838415741920471},"size":3.157883644104004,"orthographic":false}