{"cameraMode":{"drawMode":0,"name":"Shaded","section":"Shading Mode"},"sceneLighting":false,"audioPlay":false,"sceneViewState":{"showFog":false,"showMaterialUpdate":false,"showSkybox":false,"showFlares":false,"showImageEffects":false,"showParticleSystems":false},"in2DMode":false,"pivot":{"x":2.2303295135498049,"y":-0.4642665982246399,"z":-11.484392166137696},"rotation":{"x":0.026589147746562959,"y":-0.9727317690849304,"z":0.143432155251503,"w":0.18032263219356538},"size":4.434896945953369,"orthographic":false}